model,rmse_mean,rmse_std,mae_mean,mae_std,mape_mean,mape_std,r2_mean,r2_std,bias_mean,bias_std,directional_accuracy_mean,directional_accuracy_std
SARIMAX,1430.8396903004875,1063.9127211612356,1195.3661544154716,917.3070695901669,6.394034078568572,3.031402933479209,-1.565601668361132,2.1677633109959635,-685.5126171282993,1318.0730907112456,59.999999999999986,8.331955809010623
Baseline_Drift,1487.1608166614976,1023.6092348983875,1259.7496453946362,903.6711147008052,6.826476915920783,2.8898491474813555,-1.9529711483315537,2.2634264273751454,-756.1547759289239,1316.9474067758056,60.90909090909092,17.744746632675582
ARIMA,1500.974184942434,1008.5233504810172,1271.3125665533114,888.9943144834584,6.909645222873062,2.848655961510152,-2.0794213678632234,2.4262218873110255,-756.3505822782577,1320.6124672356873,61.81818181818183,17.627926754241198
SARIMA,1608.7751938253534,933.633405579304,1361.2734495893603,826.8985871090456,7.578874331999222,2.2701014625190226,-3.169903583761323,3.2496241790603007,-832.123176457276,1325.7607971235302,60.909090909090914,19.09090909090909
Baseline_LastValue,1683.2972968611434,1167.6232463259348,1430.4044158090946,1029.7001666663268,7.655631868949295,3.0150023645749817,-2.4645699161813406,1.6035497147802407,-1098.4279170494488,1348.3987216083303,0.0,0.0
XGBoost,1807.041115158781,1538.2920648230338,1562.464360128211,1392.1150976743486,8.05326031038228,4.881760824532394,-2.326924977617809,2.2422790869085225,-1424.182606799925,1507.58417144341,47.272727272727266,23.983465378678037
LSTM_univariate,1979.2052139475104,1540.4102463516404,1740.9974613944746,1498.0460662344167,9.098152135154537,5.892195838623067,-3.8758507224212257,4.814198364822226,-1573.2110303914476,1647.5215049207786,47.27272727272727,21.04697618689132
Prophet,2405.799538740337,1210.0153895197907,2026.1913808411234,1201.3749032173812,12.3042265830937,6.315119984557626,-16.868071143876033,21.18289862475091,-1100.152702915945,1624.1150615084928,46.36363636363636,12.497933713515927
Baseline_TrainMean,7954.220349739701,4036.297120973097,7893.680573209698,4009.864336299736,44.78262305751694,8.958419000452336,-114.12823516898129,107.26771279328925,-7893.680573209698,4009.864336299736,0.0,0.0
